time,load
2022/3/1 0:00,305
2022/3/1 0:15,575.9
2022/3/1 0:30,762.1
2022/3/1 0:45,1473
2022/3/1 1:00,2015.7
2022/3/1 1:15,2450.4
2022/3/1 1:30,2459.4
2022/3/1 1:45,2134.1
2022/3/1 2:00,2010.1
2022/3/1 2:15,1791
2022/3/1 2:30,1634.4
2022/3/1 2:45,974.4
2022/3/1 3:00,736
2022/3/1 3:15,577.9
2022/3/1 3:30,464.7
2022/3/1 3:45,458.6
2022/3/1 4:00,483.1
2022/3/1 4:15,488.6
2022/3/1 4:30,431.3
2022/3/1 4:45,388
2022/3/1 5:00,342.1
2022/3/1 5:15,476.7
2022/3/1 5:30,703.8
2022/3/1 5:45,871.6
2022/3/1 6:00,791
2022/3/1 6:15,940.8
2022/3/1 6:30,1113.4
2022/3/1 6:45,1054.6
2022/3/1 7:00,779.4
2022/3/1 7:15,544.8
2022/3/1 7:30,273.7
2022/3/1 7:45,207.2
2022/3/1 8:00,268.5
2022/3/1 8:15,235.1
2022/3/1 8:30,496.9
2022/3/1 8:45,547.3
2022/3/1 9:00,410.2
2022/3/1 9:15,399
2022/3/1 9:30,406.3
2022/3/1 9:45,423.8
2022/3/1 10:00,303.2
2022/3/1 10:15,311.6
2022/3/1 10:30,202.4
2022/3/1 10:45,122.7
2022/3/1 11:00,176
2022/3/1 11:15,241
2022/3/1 11:30,505.3
2022/3/1 11:45,1013.6
2022/3/1 12:00,1382.5
2022/3/1 12:15,1708.2
2022/3/1 12:30,1767.1
2022/3/1 12:45,1754.7
2022/3/1 13:00,1467.4
2022/3/1 13:15,1368.5
2022/3/1 13:30,1246.5
2022/3/1 13:45,1333.8
2022/3/1 14:00,1353.7
2022/3/1 14:15,1096.4
2022/3/1 14:30,674.7
2022/3/1 14:45,491.2
2022/3/1 15:00,533.2
2022/3/1 15:15,664.3
2022/3/1 15:30,779.1
2022/3/1 15:45,904.4
2022/3/1 16:00,956.5
2022/3/1 16:15,1344
2022/3/1 16:30,1494.5
2022/3/1 16:45,2057.1
2022/3/1 17:00,2151.1
2022/3/1 17:15,2397.8
2022/3/1 17:30,2661.3
2022/3/1 17:45,2623.3
2022/3/1 18:00,3077.2
2022/3/1 18:15,2558.2
2022/3/1 18:30,2322.9
2022/3/1 18:45,1555.2
2022/3/1 19:00,1381.9
2022/3/1 19:15,1172
2022/3/1 19:30,823.2
2022/3/1 19:45,855
2022/3/1 20:00,686
2022/3/1 20:15,601.4
2022/3/1 20:30,666.1
2022/3/1 20:45,732
2022/3/1 21:00,898.8
2022/3/1 21:15,1013.1
2022/3/1 21:30,944.6
2022/3/1 21:45,616.1
2022/3/1 22:00,728.9
2022/3/1 22:15,732.9
2022/3/1 22:30,556.8
2022/3/1 22:45,765.6
2022/3/1 23:00,652.7
2022/3/1 23:15,719
2022/3/1 23:30,981.6
2022/3/1 23:45,884.4
2022/3/2 0:00,936.8
2022/3/2 0:15,1324.9
2022/3/2 0:30,1432.3
2022/3/2 0:45,1737.9
2022/3/2 1:00,2216.5
2022/3/2 1:15,2411.3
2022/3/2 1:30,2526.2
2022/3/2 1:45,1829.3
2022/3/2 2:00,1505.1
2022/3/2 2:15,1708.8
2022/3/2 2:30,1842.8
2022/3/2 2:45,1680
2022/3/2 3:00,1307.5
2022/3/2 3:15,1204.9
2022/3/2 3:30,867.3
2022/3/2 3:45,748.7
2022/3/2 4:00,653.1
2022/3/2 4:15,360.7
2022/3/2 4:30,370
2022/3/2 4:45,415.8
2022/3/2 5:00,474.7
2022/3/2 5:15,550.5
2022/3/2 5:30,937.7
2022/3/2 5:45,1195.7
2022/3/2 6:00,1233.9
2022/3/2 6:15,1239.2
2022/3/2 6:30,1112.9
2022/3/2 6:45,1078.2
2022/3/2 7:00,761.8
2022/3/2 7:15,605.4
2022/3/2 7:30,204.6
2022/3/2 7:45,379.1
2022/3/2 8:00,323.8
2022/3/2 8:15,294.6
2022/3/2 8:30,276.2
2022/3/2 8:45,305.5
2022/3/2 9:00,301
2022/3/2 9:15,273.2
2022/3/2 9:30,292.4
2022/3/2 9:45,428.8
2022/3/2 10:00,494.9
2022/3/2 10:15,507.1
2022/3/2 10:30,566.9
2022/3/2 10:45,575.7
2022/3/2 11:00,587.8
2022/3/2 11:15,580.2
2022/3/2 11:30,993.3
2022/3/2 11:45,2090.4
2022/3/2 12:00,2696.2
2022/3/2 12:15,3595
2022/3/2 12:30,3693.8
2022/3/2 12:45,4361.4
2022/3/2 13:00,4751.4
2022/3/2 13:15,4688.1
2022/3/2 13:30,4257.9
2022/3/2 13:45,2777.2
2022/3/2 14:00,1866.6
2022/3/2 14:15,1218.1
2022/3/2 14:30,964.3
2022/3/2 14:45,882.7
2022/3/2 15:00,829.4
2022/3/2 15:15,805.4
2022/3/2 15:30,809.2
2022/3/2 15:45,894.4
2022/3/2 16:00,829.7
2022/3/2 16:15,775.5
2022/3/2 16:30,1274.3
2022/3/2 16:45,2777
2022/3/2 17:00,4224
2022/3/2 17:15,4240.7
2022/3/2 17:30,3979.1
2022/3/2 17:45,3323
2022/3/2 18:00,3005.8
2022/3/2 18:15,2628.9
2022/3/2 18:30,2355.7
2022/3/2 18:45,1785.5
2022/3/2 19:00,1428.1
2022/3/2 19:15,868.6
2022/3/2 19:30,785.2
2022/3/2 19:45,940.5
2022/3/2 20:00,835.4
2022/3/2 20:15,730.8
2022/3/2 20:30,1069.7
2022/3/2 20:45,1073.7
2022/3/2 21:00,1205.2
2022/3/2 21:15,1180.7
2022/3/2 21:30,1493.4
2022/3/2 21:45,1528.4
2022/3/2 22:00,1918.9
2022/3/2 22:15,1877.1
2022/3/2 22:30,1690.2
2022/3/2 22:45,1277.5
2022/3/2 23:00,1245.6
2022/3/2 23:15,993.7
2022/3/2 23:30,1230.3
2022/3/2 23:45,1260.7
2022/3/3 0:00,945.8
2022/3/3 0:15,1414.6
2022/3/3 0:30,1810
2022/3/3 0:45,2306.4
2022/3/3 1:00,2527.5
2022/3/3 1:15,2483.9
2022/3/3 1:30,2183
2022/3/3 1:45,2137
2022/3/3 2:00,1908.9
2022/3/3 2:15,1544
2022/3/3 2:30,1521.8
2022/3/3 2:45,1394.1
2022/3/3 3:00,1043.8
2022/3/3 3:15,877.1
2022/3/3 3:30,1022.2
2022/3/3 3:45,950.2
2022/3/3 4:00,789.5
2022/3/3 4:15,498.5
2022/3/3 4:30,528.9
2022/3/3 4:45,464.2
2022/3/3 5:00,555.2
2022/3/3 5:15,759.4
2022/3/3 5:30,1114.1
2022/3/3 5:45,1078.2
2022/3/3 6:00,1016.1
2022/3/3 6:15,1145.2
2022/3/3 6:30,1136.1
2022/3/3 6:45,855.3
2022/3/3 7:00,690.2
2022/3/3 7:15,345.2
2022/3/3 7:30,498.4
2022/3/3 7:45,372.7
2022/3/3 8:00,184.5
2022/3/3 8:15,377.9
2022/3/3 8:30,539.7
2022/3/3 8:45,427.8
2022/3/3 9:00,403
2022/3/3 9:15,223.1
2022/3/3 9:30,174.5
2022/3/3 9:45,324.2
2022/3/3 10:00,313.8
2022/3/3 10:15,448.1
2022/3/3 10:30,668.5
2022/3/3 10:45,709
2022/3/3 11:00,811.5
2022/3/3 11:15,851.8
2022/3/3 11:30,1357.1
2022/3/3 11:45,2588.1
2022/3/3 12:00,3444.7
2022/3/3 12:15,4670.9
2022/3/3 12:30,5351.9
2022/3/3 12:45,4724.2
2022/3/3 13:00,4065.6
2022/3/3 13:15,3583.1
2022/3/3 13:30,2612.6
2022/3/3 13:45,2179.3
2022/3/3 14:00,1342.9
2022/3/3 14:15,874.8
2022/3/3 14:30,801.3
2022/3/3 14:45,641.3
2022/3/3 15:00,573.1
2022/3/3 15:15,1203.7
2022/3/3 15:30,1206.4
2022/3/3 15:45,1580.1
2022/3/3 16:00,1609
2022/3/3 16:15,1842.7
2022/3/3 16:30,2231.4
2022/3/3 16:45,3808
2022/3/3 17:00,4425
2022/3/3 17:15,4862.8
2022/3/3 17:30,4526.3
2022/3/3 17:45,4221
2022/3/3 18:00,3441.5
2022/3/3 18:15,2549.1
2022/3/3 18:30,2063.5
2022/3/3 18:45,1372.3
2022/3/3 19:00,1145.7
2022/3/3 19:15,850.8
2022/3/3 19:30,747.2
2022/3/3 19:45,1079.8
2022/3/3 20:00,941.3
2022/3/3 20:15,1023.9
2022/3/3 20:30,1139.1
2022/3/3 20:45,1401.8
2022/3/3 21:00,1550.5
2022/3/3 21:15,1878.5
2022/3/3 21:30,1419.2
2022/3/3 21:45,1520.9
2022/3/3 22:00,1665.9
2022/3/3 22:15,1591.5
2022/3/3 22:30,1431.7
2022/3/3 22:45,1479.2
2022/3/3 23:00,1170.7
2022/3/3 23:15,1523.6
2022/3/3 23:30,1466.8
2022/3/3 23:45,1547.4
2022/3/4 0:00,1211.5
2022/3/4 0:15,1237.1
2022/3/4 0:30,1902.6
2022/3/4 0:45,2230.4
2022/3/4 1:00,2519.3
2022/3/4 1:15,2220.8
2022/3/4 1:30,1954.1
2022/3/4 1:45,1936
2022/3/4 2:00,1846.4
2022/3/4 2:15,1575.4
2022/3/4 2:30,1050.9
2022/3/4 2:45,888.6
2022/3/4 3:00,835.1
2022/3/4 3:15,925.8
2022/3/4 3:30,799.6
2022/3/4 3:45,613.6
2022/3/4 4:00,635.8
2022/3/4 4:15,690.8
2022/3/4 4:30,615.7
2022/3/4 4:45,624.3
2022/3/4 5:00,776.2
2022/3/4 5:15,757.3
2022/3/4 5:30,961.2
2022/3/4 5:45,843.4
2022/3/4 6:00,775.3
2022/3/4 6:15,830.8
2022/3/4 6:30,857.1
2022/3/4 6:45,694.5
2022/3/4 7:00,680.8
2022/3/4 7:15,793.8
2022/3/4 7:30,614.7
2022/3/4 7:45,526
2022/3/4 8:00,478.9
2022/3/4 8:15,496
2022/3/4 8:30,619
2022/3/4 8:45,349.6
2022/3/4 9:00,199.9
2022/3/4 9:15,256.4
2022/3/4 9:30,227.2
2022/3/4 9:45,312.6
2022/3/4 10:00,225.2
2022/3/4 10:15,241.3
2022/3/4 10:30,599.7
2022/3/4 10:45,603.5
2022/3/4 11:00,713.1
2022/3/4 11:15,1092.2
2022/3/4 11:30,1600.3
2022/3/4 11:45,2922.8
2022/3/4 12:00,3380.8
2022/3/4 12:15,4808.7
2022/3/4 12:30,4849
2022/3/4 12:45,4666.9
2022/3/4 13:00,4156.1
2022/3/4 13:15,3564.1
2022/3/4 13:30,3036.8
2022/3/4 13:45,2574.3
2022/3/4 14:00,1897.1
2022/3/4 14:15,1213.8
2022/3/4 14:30,1062.9
2022/3/4 14:45,1178.5
2022/3/4 15:00,1126.3
2022/3/4 15:15,1016.7
2022/3/4 15:30,1083.5
2022/3/4 15:45,1304.3
2022/3/4 16:00,1162
2022/3/4 16:15,1425.3
2022/3/4 16:30,1982.8
2022/3/4 16:45,3060.6
2022/3/4 17:00,3380.5
2022/3/4 17:15,3324.9
2022/3/4 17:30,3049.2
2022/3/4 17:45,3068.8
2022/3/4 18:00,2515.1
2022/3/4 18:15,2113.3
2022/3/4 18:30,1759
2022/3/4 18:45,1274.3
2022/3/4 19:00,811
2022/3/4 19:15,782.7
2022/3/4 19:30,776.4
2022/3/4 19:45,973.8
2022/3/4 20:00,1062.5
2022/3/4 20:15,1099.7
2022/3/4 20:30,1339
2022/3/4 20:45,1338.3
2022/3/4 21:00,1240.1
2022/3/4 21:15,1581.3
2022/3/4 21:30,1802.3
2022/3/4 21:45,1613
2022/3/4 22:00,1579.2
2022/3/4 22:15,1342.6
2022/3/4 22:30,1189.4
2022/3/4 22:45,1180.6
2022/3/4 23:00,1150.5
2022/3/4 23:15,1076.3
2022/3/4 23:30,871.1
2022/3/4 23:45,1353.8
2022/3/5 0:00,1084.9
2022/3/5 0:15,1742.2
2022/3/5 0:30,1784.2
2022/3/5 0:45,1918.9
2022/3/5 1:00,2304.1
2022/3/5 1:15,2401.2
2022/3/5 1:30,1921.5
2022/3/5 1:45,1830.5
2022/3/5 2:00,1470.5
2022/3/5 2:15,1380.9
2022/3/5 2:30,1133.4
2022/3/5 2:45,996.4
2022/3/5 3:00,755.9
2022/3/5 3:15,675.8
2022/3/5 3:30,638.5
2022/3/5 3:45,488
2022/3/5 4:00,639.8
2022/3/5 4:15,681.1
2022/3/5 4:30,727.6
2022/3/5 4:45,623.1
2022/3/5 5:00,682
2022/3/5 5:15,696.6
2022/3/5 5:30,832.6
2022/3/5 5:45,932
2022/3/5 6:00,823.3
2022/3/5 6:15,966.3
2022/3/5 6:30,883.9
2022/3/5 6:45,787.4
2022/3/5 7:00,615.4
2022/3/5 7:15,457.4
2022/3/5 7:30,645.6
2022/3/5 7:45,659.8
2022/3/5 8:00,428.3
2022/3/5 8:15,376.3
2022/3/5 8:30,299.8
2022/3/5 8:45,238.8
2022/3/5 9:00,300.9
2022/3/5 9:15,494.7
2022/3/5 9:30,453.5
2022/3/5 9:45,255.8
2022/3/5 10:00,336.9
2022/3/5 10:15,411.6
2022/3/5 10:30,393.7
2022/3/5 10:45,491.6
2022/3/5 11:00,596.1
2022/3/5 11:15,561.6
2022/3/5 11:30,1100.6
2022/3/5 11:45,2599.9
2022/3/5 12:00,3706.5
2022/3/5 12:15,4668.9
2022/3/5 12:30,5315
2022/3/5 12:45,5275.2
2022/3/5 13:00,5006.3
2022/3/5 13:15,4730
2022/3/5 13:30,3418.6
2022/3/5 13:45,2631.9
2022/3/5 14:00,2092.9
2022/3/5 14:15,973
2022/3/5 14:30,958.7
2022/3/5 14:45,677.5
2022/3/5 15:00,603.1
2022/3/5 15:15,766.8
2022/3/5 15:30,1091.3
2022/3/5 15:45,1287.5
2022/3/5 16:00,1397.7
2022/3/5 16:15,1656.4
2022/3/5 16:30,1839.8
2022/3/5 16:45,2790.7
2022/3/5 17:00,3390.4
2022/3/5 17:15,3874.9
2022/3/5 17:30,4192
2022/3/5 17:45,3841.7
2022/3/5 18:00,3453.6
2022/3/5 18:15,2720.2
2022/3/5 18:30,1924.2
2022/3/5 18:45,1447.8
2022/3/5 19:00,991
2022/3/5 19:15,978.9
2022/3/5 19:30,807.7
2022/3/5 19:45,648.9
2022/3/5 20:00,778.1
2022/3/5 20:15,770.9
2022/3/5 20:30,989.1
2022/3/5 20:45,1076.3
2022/3/5 21:00,1072.1
2022/3/5 21:15,1364.8
2022/3/5 21:30,1462.2
2022/3/5 21:45,1501.5
2022/3/5 22:00,1472.8
2022/3/5 22:15,1364.1
2022/3/5 22:30,1391.4
2022/3/5 22:45,1321.8
2022/3/5 23:00,1168.8
2022/3/5 23:15,1116.3
2022/3/5 23:30,1167.4
2022/3/5 23:45,1201.4
2022/3/6 0:00,1076.7
2022/3/6 0:15,1650.5
2022/3/6 0:30,1987.4
2022/3/6 0:45,2572.4
2022/3/6 1:00,2105.9
2022/3/6 1:15,2200.7
2022/3/6 1:30,1853
2022/3/6 1:45,1770.9
2022/3/6 2:00,1481
2022/3/6 2:15,1490.1
2022/3/6 2:30,1460.1
2022/3/6 2:45,1146.8
2022/3/6 3:00,1017.4
2022/3/6 3:15,986.4
2022/3/6 3:30,1029.1
2022/3/6 3:45,992.1
2022/3/6 4:00,833.9
2022/3/6 4:15,695.4
2022/3/6 4:30,790.6
2022/3/6 4:45,618.3
2022/3/6 5:00,608.6
2022/3/6 5:15,783.1
2022/3/6 5:30,891.3
2022/3/6 5:45,1019.9
2022/3/6 6:00,957
2022/3/6 6:15,973.5
2022/3/6 6:30,1184.3
2022/3/6 6:45,943.1
2022/3/6 7:00,817.4
2022/3/6 7:15,630.9
2022/3/6 7:30,601.5
2022/3/6 7:45,407.1
2022/3/6 8:00,393.1
2022/3/6 8:15,338.5
2022/3/6 8:30,320.6
2022/3/6 8:45,381.9
2022/3/6 9:00,345.4
2022/3/6 9:15,355
2022/3/6 9:30,267.3
2022/3/6 9:45,253.9
2022/3/6 10:00,222
2022/3/6 10:15,363.3
2022/3/6 10:30,462.3
2022/3/6 10:45,510.3
2022/3/6 11:00,308
2022/3/6 11:15,536.3
2022/3/6 11:30,1236.9
2022/3/6 11:45,2680.2
2022/3/6 12:00,3479.7
2022/3/6 12:15,4760
2022/3/6 12:30,5644.8
2022/3/6 12:45,5363.3
2022/3/6 13:00,4604.5
2022/3/6 13:15,3847.7
2022/3/6 13:30,3069.7
2022/3/6 13:45,2506.3
2022/3/6 14:00,1801.2
2022/3/6 14:15,1271.3
2022/3/6 14:30,868.2
2022/3/6 14:45,939.4
2022/3/6 15:00,841.9
2022/3/6 15:15,784
2022/3/6 15:30,826.4
2022/3/6 15:45,1219.3
2022/3/6 16:00,1303.9
2022/3/6 16:15,1628.1
2022/3/6 16:30,2144.8
2022/3/6 16:45,3323.4
2022/3/6 17:00,3945.5
2022/3/6 17:15,4465.5
2022/3/6 17:30,4584.6
2022/3/6 17:45,3686.8
2022/3/6 18:00,3108.1
2022/3/6 18:15,2700.3
2022/3/6 18:30,1880.4
2022/3/6 18:45,1364.2
2022/3/6 19:00,934
2022/3/6 19:15,584.2
2022/3/6 19:30,740
2022/3/6 19:45,645.9
2022/3/6 20:00,816.6
2022/3/6 20:15,801.4
2022/3/6 20:30,845.6
2022/3/6 20:45,913.4
2022/3/6 21:00,1199.5
2022/3/6 21:15,1695.3
2022/3/6 21:30,2114.8
2022/3/6 21:45,2188.9
2022/3/6 22:00,1480.2
2022/3/6 22:15,1276.9
2022/3/6 22:30,1232.5
2022/3/6 22:45,1102.6
2022/3/6 23:00,1096.1
2022/3/6 23:15,1114
2022/3/6 23:30,1379
2022/3/6 23:45,1470.3
2022/3/7 0:00,1565.7
2022/3/7 0:15,2052.1
2022/3/7 0:30,2010.9
2022/3/7 0:45,2024.7
2022/3/7 1:00,2016.7
2022/3/7 1:15,1861.9
2022/3/7 1:30,1978.8
2022/3/7 1:45,2004.5
2022/3/7 2:00,1916.2
2022/3/7 2:15,1963.9
2022/3/7 2:30,1892.5
2022/3/7 2:45,1513.6
2022/3/7 3:00,940.6
2022/3/7 3:15,603.6
2022/3/7 3:30,725.5
2022/3/7 3:45,672.8
2022/3/7 4:00,624.9
2022/3/7 4:15,674
2022/3/7 4:30,691.1
2022/3/7 4:45,771.4
2022/3/7 5:00,724.7
2022/3/7 5:15,976.2
2022/3/7 5:30,1033.3
2022/3/7 5:45,1158.8
2022/3/7 6:00,973.2
2022/3/7 6:15,1113
2022/3/7 6:30,1126.4
2022/3/7 6:45,887.6
2022/3/7 7:00,693.8
2022/3/7 7:15,438.2
2022/3/7 7:30,387.2
2022/3/7 7:45,419.8
2022/3/7 8:00,259.7
2022/3/7 8:15,474.7
2022/3/7 8:30,536.1
2022/3/7 8:45,677.7
2022/3/7 9:00,505.1
2022/3/7 9:15,489.8
2022/3/7 9:30,410.8
2022/3/7 9:45,432.2
2022/3/7 10:00,421.6
2022/3/7 10:15,476.4
2022/3/7 10:30,461.8
2022/3/7 10:45,495.2
2022/3/7 11:00,562.8
2022/3/7 11:15,819
2022/3/7 11:30,1121
2022/3/7 11:45,1897.3
2022/3/7 12:00,2853
2022/3/7 12:15,2946.8
2022/3/7 12:30,3010.2
2022/3/7 12:45,2699.1
2022/3/7 13:00,2708.5
2022/3/7 13:15,2709.1
2022/3/7 13:30,2198.1
2022/3/7 13:45,1557.3
2022/3/7 14:00,1206.3
2022/3/7 14:15,825.4
2022/3/7 14:30,910.6
2022/3/7 14:45,812.3
2022/3/7 15:00,874.9
2022/3/7 15:15,1096.1
2022/3/7 15:30,1058.8
2022/3/7 15:45,802.7
2022/3/7 16:00,979.3
2022/3/7 16:15,1113.4
2022/3/7 16:30,1420.4
2022/3/7 16:45,2623.3
2022/3/7 17:00,3112.2
2022/3/7 17:15,4087
2022/3/7 17:30,3825.1
2022/3/7 17:45,3242.2
2022/3/7 18:00,2707
2022/3/7 18:15,2257.1
2022/3/7 18:30,1456.4
2022/3/7 18:45,1132.6
2022/3/7 19:00,1037.4
2022/3/7 19:15,928.2
2022/3/7 19:30,953.9
2022/3/7 19:45,808.5
2022/3/7 20:00,588.9
2022/3/7 20:15,627.9
2022/3/7 20:30,498.5
2022/3/7 20:45,563.8
2022/3/7 21:00,560.4
2022/3/7 21:15,1047.7
2022/3/7 21:30,1212.5
2022/3/7 21:45,1200
2022/3/7 22:00,1312
2022/3/7 22:15,973.6
2022/3/7 22:30,933.3
2022/3/7 22:45,980.2
2022/3/7 23:00,784.4
2022/3/7 23:15,908.5
2022/3/7 23:30,1115.9
2022/3/7 23:45,994.3
2022/3/8 0:00,768
2022/3/8 0:15,1390.6
2022/3/8 0:30,1754
2022/3/8 0:45,1849.6
2022/3/8 1:00,1636
2022/3/8 1:15,1630
2022/3/8 1:30,1537.8
2022/3/8 1:45,1498
2022/3/8 2:00,1626.6
2022/3/8 2:15,1370
2022/3/8 2:30,865.9
2022/3/8 2:45,636.7
2022/3/8 3:00,506.3
2022/3/8 3:15,569.1
2022/3/8 3:30,677.7
2022/3/8 3:45,635.1
2022/3/8 4:00,664.3
2022/3/8 4:15,552.4
2022/3/8 4:30,478.4
2022/3/8 4:45,488.9
2022/3/8 5:00,675.7
2022/3/8 5:15,898.3
2022/3/8 5:30,1056.8
2022/3/8 5:45,969
2022/3/8 6:00,915.3
2022/3/8 6:15,793.4
2022/3/8 6:30,806
2022/3/8 6:45,818
2022/3/8 7:00,643.9
2022/3/8 7:15,757.9
2022/3/8 7:30,566.1
2022/3/8 7:45,344.6
2022/3/8 8:00,460.9
2022/3/8 8:15,547.2
2022/3/8 8:30,653.7
2022/3/8 8:45,562.5
2022/3/8 9:00,470.1
2022/3/8 9:15,353
2022/3/8 9:30,263.9
2022/3/8 9:45,149
2022/3/8 10:00,180.3
2022/3/8 10:15,73.1
2022/3/8 10:30,153.9
2022/3/8 10:45,379.6
2022/3/8 11:00,381.4
2022/3/8 11:15,417.8
2022/3/8 11:30,579.9
2022/3/8 11:45,809
2022/3/8 12:00,1155.4
2022/3/8 12:15,1584.9
2022/3/8 12:30,1759.7
2022/3/8 12:45,1834.1
2022/3/8 13:00,2002.4
2022/3/8 13:15,1922.2
2022/3/8 13:30,1782.1
2022/3/8 13:45,1712.5
2022/3/8 14:00,1123.3
2022/3/8 14:15,800
2022/3/8 14:30,566.5
2022/3/8 14:45,744.7
2022/3/8 15:00,567.5
2022/3/8 15:15,564.6
2022/3/8 15:30,831
2022/3/8 15:45,852
2022/3/8 16:00,817.5
2022/3/8 16:15,958.5
2022/3/8 16:30,1439.7
2022/3/8 16:45,2304.3
2022/3/8 17:00,2798.2
2022/3/8 17:15,2636.8
2022/3/8 17:30,3012.2
2022/3/8 17:45,2997.2
2022/3/8 18:00,2995.1
2022/3/8 18:15,2844.4
2022/3/8 18:30,2329.4
2022/3/8 18:45,1661.5
2022/3/8 19:00,1055
2022/3/8 19:15,779.5
2022/3/8 19:30,707.2
2022/3/8 19:45,669
2022/3/8 20:00,712.4
2022/3/8 20:15,698.2
2022/3/8 20:30,766.7
2022/3/8 20:45,751.7
2022/3/8 21:00,724.4
2022/3/8 21:15,1476.5
2022/3/8 21:30,1656.7
2022/3/8 21:45,1481.5
2022/3/8 22:00,1199.5
2022/3/8 22:15,961.8
2022/3/8 22:30,897.5
2022/3/8 22:45,620.5
2022/3/8 23:00,737.9
2022/3/8 23:15,840.7
2022/3/8 23:30,627
2022/3/8 23:45,1121
2022/3/9 0:00,1166.9
2022/3/9 0:15,1419.5
2022/3/9 0:30,1324.2
2022/3/9 0:45,1399.6
2022/3/9 1:00,1123.5
2022/3/9 1:15,1058
2022/3/9 1:30,980.6
2022/3/9 1:45,965.7
2022/3/9 2:00,865.9
2022/3/9 2:15,899.6
2022/3/9 2:30,1043
2022/3/9 2:45,885
2022/3/9 3:00,744.3
2022/3/9 3:15,609.6
2022/3/9 3:30,487.6
2022/3/9 3:45,262.9
2022/3/9 4:00,337.2
2022/3/9 4:15,416.9
2022/3/9 4:30,467.2
2022/3/9 4:45,675.7
2022/3/9 5:00,787.6
2022/3/9 5:15,662.9
2022/3/9 5:30,800.5
2022/3/9 5:45,982.1
2022/3/9 6:00,859.1
2022/3/9 6:15,1231.3
2022/3/9 6:30,1175.1
2022/3/9 6:45,1091.5
2022/3/9 7:00,971.4
2022/3/9 7:15,818.8
2022/3/9 7:30,380
2022/3/9 7:45,159.5
2022/3/9 8:00,107.7
2022/3/9 8:15,199.6
2022/3/9 8:30,235.9
2022/3/9 8:45,188.6
2022/3/9 9:00,180.9
2022/3/9 9:15,292.5
2022/3/9 9:30,307.2
2022/3/9 9:45,246.1
2022/3/9 10:00,412.5
2022/3/9 10:15,454.2
2022/3/9 10:30,442
2022/3/9 10:45,647.4
2022/3/9 11:00,846.6
2022/3/9 11:15,868.8
2022/3/9 11:30,1071.2
2022/3/9 11:45,2678
2022/3/9 12:00,4339.5
2022/3/9 12:15,5614.3
2022/3/9 12:30,5338.3
2022/3/9 12:45,5112.4
2022/3/9 13:00,4999.7
2022/3/9 13:15,4387.1
2022/3/9 13:30,3414.3
2022/3/9 13:45,2719
2022/3/9 14:00,1869.3
2022/3/9 14:15,1117.2
2022/3/9 14:30,607.8
2022/3/9 14:45,657.3
2022/3/9 15:00,1046.1
2022/3/9 15:15,999.4
2022/3/9 15:30,1052.8
2022/3/9 15:45,1146.9
2022/3/9 16:00,1460.8
2022/3/9 16:15,1373.6
2022/3/9 16:30,2109.7
2022/3/9 16:45,3313.3
2022/3/9 17:00,4347.8
2022/3/9 17:15,5591
2022/3/9 17:30,5451.8
2022/3/9 17:45,4642.9
2022/3/9 18:00,3454.9
2022/3/9 18:15,2379.9
2022/3/9 18:30,1870.7
2022/3/9 18:45,1588.1
2022/3/9 19:00,1416.2
2022/3/9 19:15,864.8
2022/3/9 19:30,717.3
2022/3/9 19:45,682.7
2022/3/9 20:00,660.5
2022/3/9 20:15,682.5
2022/3/9 20:30,648.3
2022/3/9 20:45,840.3
2022/3/9 21:00,975
2022/3/9 21:15,1034.4
2022/3/9 21:30,1519.6
2022/3/9 21:45,1773
2022/3/9 22:00,1627.2
2022/3/9 22:15,1558.3
2022/3/9 22:30,1590.8
2022/3/9 22:45,1540.3
2022/3/9 23:00,1524.4
2022/3/9 23:15,1359
2022/3/9 23:30,1341.9
2022/3/9 23:45,1646.8
2022/3/10 0:00,1798.3
2022/3/10 0:15,1817.4
2022/3/10 0:30,1961.2
2022/3/10 0:45,2102.6
2022/3/10 1:00,2000.2
2022/3/10 1:15,2303.4
2022/3/10 1:30,2129.4
2022/3/10 1:45,2042.9
2022/3/10 2:00,1685.1
2022/3/10 2:15,1378.1
2022/3/10 2:30,1246.4
2022/3/10 2:45,1314.5
2022/3/10 3:00,1171.9
2022/3/10 3:15,1124.9
2022/3/10 3:30,853.2
2022/3/10 3:45,831.5
2022/3/10 4:00,622.1
2022/3/10 4:15,606.2
2022/3/10 4:30,605.1
2022/3/10 4:45,764.6
2022/3/10 5:00,842
2022/3/10 5:15,814.9
2022/3/10 5:30,1057.1
2022/3/10 5:45,1133.3
2022/3/10 6:00,1030.4
2022/3/10 6:15,1140.4
2022/3/10 6:30,1056.4
2022/3/10 6:45,882.4
2022/3/10 7:00,733.1
2022/3/10 7:15,824.9
2022/3/10 7:30,806.5
2022/3/10 7:45,323.1
2022/3/10 8:00,361.1
2022/3/10 8:15,306.9
2022/3/10 8:30,345.2
2022/3/10 8:45,257.8
2022/3/10 9:00,135.6
2022/3/10 9:15,114.5
2022/3/10 9:30,242.7
2022/3/10 9:45,387
2022/3/10 10:00,431.4
2022/3/10 10:15,615.3
2022/3/10 10:30,567.1
2022/3/10 10:45,574.8
2022/3/10 11:00,713.2
2022/3/10 11:15,945.8
2022/3/10 11:30,1238.3
2022/3/10 11:45,2302.1
2022/3/10 12:00,3762.1
2022/3/10 12:15,4803.7
2022/3/10 12:30,6094.4
2022/3/10 12:45,6221.8
2022/3/10 13:00,5763.9
2022/3/10 13:15,5198.9
2022/3/10 13:30,3933.4
2022/3/10 13:45,2505.4
2022/3/10 14:00,1846.2
2022/3/10 14:15,1265.9
2022/3/10 14:30,1015.5
2022/3/10 14:45,874.8
2022/3/10 15:00,1008.8
2022/3/10 15:15,1175.4
2022/3/10 15:30,1565
2022/3/10 15:45,1496.8
2022/3/10 16:00,1280.3
2022/3/10 16:15,1724.4
2022/3/10 16:30,2005.1
2022/3/10 16:45,3008.2
2022/3/10 17:00,3736.2
2022/3/10 17:15,4387.6
2022/3/10 17:30,4493.6
2022/3/10 17:45,3931.7
2022/3/10 18:00,3696.9
2022/3/10 18:15,3008.8
2022/3/10 18:30,2172.3
2022/3/10 18:45,1457.3
2022/3/10 19:00,926.3
2022/3/10 19:15,886.7
2022/3/10 19:30,721.3
2022/3/10 19:45,733.7
2022/3/10 20:00,705.9
2022/3/10 20:15,623.4
2022/3/10 20:30,885.4
2022/3/10 20:45,1023.8
2022/3/10 21:00,857.7
2022/3/10 21:15,865.3
2022/3/10 21:30,1461.7
2022/3/10 21:45,1491.7
2022/3/10 22:00,1452.5
2022/3/10 22:15,973.8
2022/3/10 22:30,1166.8
2022/3/10 22:45,1216
2022/3/10 23:00,1141.6
2022/3/10 23:15,1118.8
2022/3/10 23:30,1119
2022/3/10 23:45,1154.2
2022/3/11 0:00,1468.7
2022/3/11 0:15,1515.7
2022/3/11 0:30,1701
2022/3/11 0:45,2328.4
2022/3/11 1:00,2493.2
2022/3/11 1:15,2207.8
2022/3/11 1:30,1680.5
2022/3/11 1:45,1608.3
2022/3/11 2:00,1214.5
2022/3/11 2:15,1386.7
2022/3/11 2:30,1307.4
2022/3/11 2:45,1554.3
2022/3/11 3:00,1457.7
2022/3/11 3:15,1155.4
2022/3/11 3:30,1069
2022/3/11 3:45,999.2
2022/3/11 4:00,980.4
2022/3/11 4:15,867.5
2022/3/11 4:30,785.9
2022/3/11 4:45,891.6
2022/3/11 5:00,981.1
2022/3/11 5:15,1380.1
2022/3/11 5:30,1405.7
2022/3/11 5:45,1362.3
2022/3/11 6:00,1145.5
2022/3/11 6:15,1128.8
2022/3/11 6:30,1222.6
2022/3/11 6:45,932.8
2022/3/11 7:00,789.7
2022/3/11 7:15,678.3
2022/3/11 7:30,675.8
2022/3/11 7:45,624.6
2022/3/11 8:00,401
2022/3/11 8:15,399.1
2022/3/11 8:30,408.8
2022/3/11 8:45,331.2
2022/3/11 9:00,373
2022/3/11 9:15,361.2
2022/3/11 9:30,441.3
2022/3/11 9:45,462.3
2022/3/11 10:00,431.9
2022/3/11 10:15,406.9
2022/3/11 10:30,345.3
2022/3/11 10:45,510.6
2022/3/11 11:00,563.9
2022/3/11 11:15,800.3
2022/3/11 11:30,1286.1
2022/3/11 11:45,3026.1
2022/3/11 12:00,4231.2
2022/3/11 12:15,4945
2022/3/11 12:30,5822.8
2022/3/11 12:45,5354.3
2022/3/11 13:00,4645.1
2022/3/11 13:15,4273.4
2022/3/11 13:30,3577.8
2022/3/11 13:45,2612.8
2022/3/11 14:00,1635.9
2022/3/11 14:15,850
2022/3/11 14:30,580.1
2022/3/11 14:45,755.1
2022/3/11 15:00,926.3
2022/3/11 15:15,973.6
2022/3/11 15:30,1157.4
2022/3/11 15:45,1287.8
2022/3/11 16:00,1108.1
2022/3/11 16:15,1485.4
2022/3/11 16:30,2070.1
2022/3/11 16:45,3616.7
2022/3/11 17:00,4521.8
2022/3/11 17:15,5562.9
2022/3/11 17:30,5213.9
2022/3/11 17:45,4126.7
2022/3/11 18:00,3168.6
2022/3/11 18:15,2334.1
2022/3/11 18:30,1610.5
2022/3/11 18:45,1230
2022/3/11 19:00,877.1
2022/3/11 19:15,646.8
2022/3/11 19:30,664.8
2022/3/11 19:45,563.2
2022/3/11 20:00,676.5
2022/3/11 20:15,855.8
2022/3/11 20:30,623.9
2022/3/11 20:45,622.6
2022/3/11 21:00,817.5
2022/3/11 21:15,1301.6
2022/3/11 21:30,1427.4
2022/3/11 21:45,1533.2
2022/3/11 22:00,1607.4
2022/3/11 22:15,1415.7
2022/3/11 22:30,1330.2
2022/3/11 22:45,1509.3
2022/3/11 23:00,1261.7
2022/3/11 23:15,1121
2022/3/11 23:30,969.2
2022/3/11 23:45,1303.2
2022/3/12 0:00,666.2
2022/3/12 0:15,1903.3
2022/3/12 0:30,1899.1
2022/3/12 0:45,1904.6
2022/3/12 1:00,2039.3
2022/3/12 1:15,1822.5
2022/3/12 1:30,2232.8
2022/3/12 1:45,2371.3
2022/3/12 2:00,2019.8
2022/3/12 2:15,2048.2
2022/3/12 2:30,1618.7
2022/3/12 2:45,1228.2
2022/3/12 3:00,834.5
2022/3/12 3:15,785.7
2022/3/12 3:30,769.4
2022/3/12 3:45,860
2022/3/12 4:00,647
2022/3/12 4:15,567.4
2022/3/12 4:30,592.4
2022/3/12 4:45,775.1
2022/3/12 5:00,973.1
2022/3/12 5:15,1116.7
2022/3/12 5:30,1113.5
2022/3/12 5:45,1216.4
2022/3/12 6:00,1236.5
2022/3/12 6:15,1048.6
2022/3/12 6:30,1027.7
2022/3/12 6:45,1049.7
2022/3/12 7:00,903.3
2022/3/12 7:15,619.9
2022/3/12 7:30,528
2022/3/12 7:45,372.3
2022/3/12 8:00,419.4
2022/3/12 8:15,264
2022/3/12 8:30,128.3
2022/3/12 8:45,162.1
2022/3/12 9:00,173.4
2022/3/12 9:15,288.3
2022/3/12 9:30,275.5
2022/3/12 9:45,337.2
2022/3/12 10:00,413.2
2022/3/12 10:15,491.4
2022/3/12 10:30,603.1
2022/3/12 10:45,545.9
2022/3/12 11:00,611.1
2022/3/12 11:15,619.9
2022/3/12 11:30,981.5
2022/3/12 11:45,2863.6
2022/3/12 12:00,4062.1
2022/3/12 12:15,5391.4
2022/3/12 12:30,5927.3
2022/3/12 12:45,5752.6
2022/3/12 13:00,5680.6
2022/3/12 13:15,5210.6
2022/3/12 13:30,4549.1
2022/3/12 13:45,3272.2
2022/3/12 14:00,2088.3
2022/3/12 14:15,1523.9
2022/3/12 14:30,1324.1
2022/3/12 14:45,1105.3
2022/3/12 15:00,1162.4
2022/3/12 15:15,1014.9
2022/3/12 15:30,949
2022/3/12 15:45,1197.7
2022/3/12 16:00,1273.4
2022/3/12 16:15,1561.1
2022/3/12 16:30,2322.4
2022/3/12 16:45,3674.4
2022/3/12 17:00,4141.6
2022/3/12 17:15,4751.4
2022/3/12 17:30,4612.4
2022/3/12 17:45,4202.1
2022/3/12 18:00,3302.4
2022/3/12 18:15,2250.5
2022/3/12 18:30,1884.3
2022/3/12 18:45,1457.5
2022/3/12 19:00,935.6
2022/3/12 19:15,768.8
2022/3/12 19:30,620.6
2022/3/12 19:45,598.2
2022/3/12 20:00,629.1
2022/3/12 20:15,851.6
2022/3/12 20:30,1092.5
2022/3/12 20:45,1129
2022/3/12 21:00,1110.1
2022/3/12 21:15,1268.1
2022/3/12 21:30,1528
2022/3/12 21:45,1438.2
2022/3/12 22:00,1250.3
2022/3/12 22:15,1219.6
2022/3/12 22:30,1285.3
2022/3/12 22:45,1072.4
2022/3/12 23:00,1252.5
2022/3/12 23:15,1218.7
2022/3/12 23:30,1341.9
2022/3/12 23:45,1286.8
2022/3/13 0:00,1005.6
2022/3/13 0:15,1587.1
2022/3/13 0:30,1827.3
2022/3/13 0:45,1904.8
2022/3/13 1:00,1782.8
2022/3/13 1:15,1776.4
2022/3/13 1:30,2088.8
2022/3/13 1:45,1864
2022/3/13 2:00,1983.6
2022/3/13 2:15,1607.1
2022/3/13 2:30,1863.6
2022/3/13 2:45,1763.8
2022/3/13 3:00,1401.5
2022/3/13 3:15,831.4
2022/3/13 3:30,753.9
2022/3/13 3:45,691.6
2022/3/13 4:00,597.7
2022/3/13 4:15,628
2022/3/13 4:30,531.2
2022/3/13 4:45,656.1
2022/3/13 5:00,859.9
2022/3/13 5:15,1036
2022/3/13 5:30,1363.7
2022/3/13 5:45,1424.5
2022/3/13 6:00,1434.3
2022/3/13 6:15,1587.2
2022/3/13 6:30,1184.7
2022/3/13 6:45,1143.9
2022/3/13 7:00,975.1
2022/3/13 7:15,635.1
2022/3/13 7:30,416.5
2022/3/13 7:45,299.7
2022/3/13 8:00,349.6
2022/3/13 8:15,384.6
2022/3/13 8:30,387.9
2022/3/13 8:45,304.6
2022/3/13 9:00,231.5
2022/3/13 9:15,301.2
2022/3/13 9:30,423.6
2022/3/13 9:45,399
2022/3/13 10:00,218
2022/3/13 10:15,277.8
2022/3/13 10:30,437.8
2022/3/13 10:45,508.4
2022/3/13 11:00,670.9
2022/3/13 11:15,713.2
2022/3/13 11:30,1370.5
2022/3/13 11:45,3644.5
2022/3/13 12:00,5299.5
2022/3/13 12:15,5204
2022/3/13 12:30,5171.5
2022/3/13 12:45,4959.6
2022/3/13 13:00,4533.6
2022/3/13 13:15,3873.8
2022/3/13 13:30,3080.6
2022/3/13 13:45,2081.4
2022/3/13 14:00,1423.9
2022/3/13 14:15,1036.8
2022/3/13 14:30,1072.5
2022/3/13 14:45,1277.3
2022/3/13 15:00,1250.6
2022/3/13 15:15,1159.3
2022/3/13 15:30,1353.1
2022/3/13 15:45,1409.5
2022/3/13 16:00,1426.4
2022/3/13 16:15,1934.9
2022/3/13 16:30,2321.8
2022/3/13 16:45,3408.9
2022/3/13 17:00,4585
2022/3/13 17:15,5752.9
2022/3/13 17:30,5268.7
2022/3/13 17:45,4554.5
2022/3/13 18:00,4176.7
2022/3/13 18:15,2494.1
2022/3/13 18:30,1663.8
2022/3/13 18:45,898.8
2022/3/13 19:00,502.9
2022/3/13 19:15,638.6
2022/3/13 19:30,486.9
2022/3/13 19:45,466.2
2022/3/13 20:00,642.5
2022/3/13 20:15,634.9
2022/3/13 20:30,636.9
2022/3/13 20:45,737.2
2022/3/13 21:00,828.7
2022/3/13 21:15,1597.2
2022/3/13 21:30,1820
2022/3/13 21:45,1556.4
2022/3/13 22:00,1562.8
2022/3/13 22:15,1270.3
2022/3/13 22:30,1244.5
2022/3/13 22:45,1503.8
2022/3/13 23:00,1115.2
2022/3/13 23:15,939.7
2022/3/13 23:30,1071.8
2022/3/13 23:45,1292.2
2022/3/14 0:00,1336.7
2022/3/14 0:15,1770.2
2022/3/14 0:30,2012.1
2022/3/14 0:45,1857.8
2022/3/14 1:00,1721.5
2022/3/14 1:15,1868.3
2022/3/14 1:30,1777.7
2022/3/14 1:45,1825.3
2022/3/14 2:00,1539.4
2022/3/14 2:15,1313.9
2022/3/14 2:30,1412.9
2022/3/14 2:45,1132.9
2022/3/14 3:00,997
2022/3/14 3:15,767.1
2022/3/14 3:30,742.2
2022/3/14 3:45,661.4
2022/3/14 4:00,516.6
2022/3/14 4:15,425.5
2022/3/14 4:30,533.3
2022/3/14 4:45,533.5
2022/3/14 5:00,632.3
2022/3/14 5:15,642.4
2022/3/14 5:30,721.4
2022/3/14 5:45,700.7
2022/3/14 6:00,732.6
2022/3/14 6:15,718.6
2022/3/14 6:30,889.5
2022/3/14 6:45,685.1
2022/3/14 7:00,507.2
2022/3/14 7:15,431.9
2022/3/14 7:30,532.8
2022/3/14 7:45,587.9
2022/3/14 8:00,656
2022/3/14 8:15,626.6
2022/3/14 8:30,680.2
2022/3/14 8:45,709.5
2022/3/14 9:00,656.1
2022/3/14 9:15,657.1
2022/3/14 9:30,658.1
2022/3/14 9:45,536.1
2022/3/14 10:00,467.9
2022/3/14 10:15,413.5
2022/3/14 10:30,432
2022/3/14 10:45,431.6
2022/3/14 11:00,474.8
2022/3/14 11:15,523.3
2022/3/14 11:30,675.9
2022/3/14 11:45,1870.8
2022/3/14 12:00,2158.5
2022/3/14 12:15,2624.5
2022/3/14 12:30,3128.8
2022/3/14 12:45,3188.9
2022/3/14 13:00,3376.4
2022/3/14 13:15,2720.2
2022/3/14 13:30,2393.5
2022/3/14 13:45,1909.9
2022/3/14 14:00,1363.4
2022/3/14 14:15,898.1
2022/3/14 14:30,695.9
2022/3/14 14:45,601.3
2022/3/14 15:00,786.4
2022/3/14 15:15,973.9
2022/3/14 15:30,1116.5
2022/3/14 15:45,1087.4
2022/3/14 16:00,829.7
2022/3/14 16:15,1075.3
2022/3/14 16:30,1458.7
2022/3/14 16:45,2523.5
2022/3/14 17:00,2691.4
2022/3/14 17:15,2971.8
2022/3/14 17:30,2919.9
2022/3/14 17:45,3338.4
2022/3/14 18:00,2936.2
2022/3/14 18:15,2561.7
2022/3/14 18:30,1768.7
2022/3/14 18:45,1158.6
2022/3/14 19:00,853.2
2022/3/14 19:15,758.2
2022/3/14 19:30,878.5
2022/3/14 19:45,715.4
2022/3/14 20:00,624.2
2022/3/14 20:15,591.5
2022/3/14 20:30,522.2
2022/3/14 20:45,558.7
2022/3/14 21:00,689.4
2022/3/14 21:15,1115.8
2022/3/14 21:30,1038.8
2022/3/14 21:45,1046.4
2022/3/14 22:00,958.3
2022/3/14 22:15,880.8
2022/3/14 22:30,786.5
2022/3/14 22:45,878.1
2022/3/14 23:00,681.6
2022/3/14 23:15,774.1
2022/3/14 23:30,866.2
2022/3/14 23:45,893.8
2022/3/15 0:00,837.7
2022/3/15 0:15,985.7
2022/3/15 0:30,1089
2022/3/15 0:45,1287.1
2022/3/15 1:00,1476
2022/3/15 1:15,1412.7
2022/3/15 1:30,1420.4
2022/3/15 1:45,1502.7
2022/3/15 2:00,1383.2
2022/3/15 2:15,1195.1
2022/3/15 2:30,903
2022/3/15 2:45,1039.6
2022/3/15 3:00,757.2
2022/3/15 3:15,696.9
2022/3/15 3:30,596
2022/3/15 3:45,459.4
2022/3/15 4:00,325.1
2022/3/15 4:15,345.5
2022/3/15 4:30,74.5
2022/3/15 4:45,149.9
2022/3/15 5:00,192.2
2022/3/15 5:15,228.6
2022/3/15 5:30,354.1
2022/3/15 5:45,416.6
2022/3/15 6:00,499.5
2022/3/15 6:15,537.7
2022/3/15 6:30,411.8
2022/3/15 6:45,615.9
2022/3/15 7:00,592.7
2022/3/15 7:15,529.2
2022/3/15 7:30,461.7
2022/3/15 7:45,446.1
2022/3/15 8:00,424.8
2022/3/15 8:15,634.5
2022/3/15 8:30,645.1
2022/3/15 8:45,549.3
2022/3/15 9:00,527.5
2022/3/15 9:15,465.9
2022/3/15 9:30,433.5
2022/3/15 9:45,366.6
2022/3/15 10:00,390.3
2022/3/15 10:15,377.3
2022/3/15 10:30,683.2
2022/3/15 10:45,661.5
2022/3/15 11:00,589.9
2022/3/15 11:15,292.7
2022/3/15 11:30,577.5
2022/3/15 11:45,1272.9
2022/3/15 12:00,1661.7
2022/3/15 12:15,1954.2
2022/3/15 12:30,2513.8
2022/3/15 12:45,2321.8
2022/3/15 13:00,1871.7
2022/3/15 13:15,1545.7
2022/3/15 13:30,1674.9
2022/3/15 13:45,1842.2
2022/3/15 14:00,1134.4
2022/3/15 14:15,833
2022/3/15 14:30,642.1
2022/3/15 14:45,620
2022/3/15 15:00,578
2022/3/15 15:15,770.7
2022/3/15 15:30,777.9
2022/3/15 15:45,860.5
2022/3/15 16:00,1011.4
2022/3/15 16:15,972.7
2022/3/15 16:30,1208.4
2022/3/15 16:45,2613.2
2022/3/15 17:00,3405.4
2022/3/15 17:15,3674.6
2022/3/15 17:30,3625.5
2022/3/15 17:45,2915.1
2022/3/15 18:00,2631.9
2022/3/15 18:15,1886.2
2022/3/15 18:30,1452.3
2022/3/15 18:45,938.1
2022/3/15 19:00,904.4
2022/3/15 19:15,730.1
2022/3/15 19:30,608.6
2022/3/15 19:45,625
2022/3/15 20:00,613
2022/3/15 20:15,494
2022/3/15 20:30,513.8
2022/3/15 20:45,590.1
2022/3/15 21:00,589.3
2022/3/15 21:15,1033.4
2022/3/15 21:30,985.9
2022/3/15 21:45,781.1
2022/3/15 22:00,987.1
2022/3/15 22:15,1007
2022/3/15 22:30,935.5
2022/3/15 22:45,1038.1
2022/3/15 23:00,885
2022/3/15 23:15,776.5
2022/3/15 23:30,657.3
2022/3/15 23:45,912.8
2022/3/16 0:00,582.1
2022/3/16 0:15,1373.5
2022/3/16 0:30,1366.5
2022/3/16 0:45,1755.9
2022/3/16 1:00,1729.4
2022/3/16 1:15,1258.4
2022/3/16 1:30,1307.6
2022/3/16 1:45,1071.7
2022/3/16 2:00,1227.6
2022/3/16 2:15,1257.6
2022/3/16 2:30,1022.2
2022/3/16 2:45,916.5
2022/3/16 3:00,602.1
2022/3/16 3:15,566.8
2022/3/16 3:30,397.2
2022/3/16 3:45,240.3
2022/3/16 4:00,263.1
2022/3/16 4:15,169.6
2022/3/16 4:30,105.3
2022/3/16 4:45,195.3
2022/3/16 5:00,321.9
2022/3/16 5:15,232.4
2022/3/16 5:30,322.3
2022/3/16 5:45,174.7
2022/3/16 6:00,276.4
2022/3/16 6:15,535.8
2022/3/16 6:30,519.3
2022/3/16 6:45,646.6
2022/3/16 7:00,598.7
2022/3/16 7:15,494.6
2022/3/16 7:30,464
2022/3/16 7:45,310.8
2022/3/16 8:00,166.8
2022/3/16 8:15,94.4
2022/3/16 8:30,122.9
2022/3/16 8:45,140.5
2022/3/16 9:00,32.3
2022/3/16 9:15,59.3
2022/3/16 9:30,202.7
2022/3/16 9:45,454.4
2022/3/16 10:00,476.3
2022/3/16 10:15,637.2
2022/3/16 10:30,662.8
2022/3/16 10:45,591.8
2022/3/16 11:00,738.8
2022/3/16 11:15,1026.5
2022/3/16 11:30,1407.5
2022/3/16 11:45,2068.9
2022/3/16 12:00,2638.2
2022/3/16 12:15,2929.3
2022/3/16 12:30,3224.2
2022/3/16 12:45,3518.3
2022/3/16 13:00,3699.1
2022/3/16 13:15,3628.3
2022/3/16 13:30,3714.7
2022/3/16 13:45,3112.6
2022/3/16 14:00,2166.3
2022/3/16 14:15,1296.1
2022/3/16 14:30,863.3
2022/3/16 14:45,1001
2022/3/16 15:00,1261.1
2022/3/16 15:15,1244.6
2022/3/16 15:30,1074.9
2022/3/16 15:45,867.2
2022/3/16 16:00,898.6
2022/3/16 16:15,1030.6
2022/3/16 16:30,1166.1
2022/3/16 16:45,2466.5
2022/3/16 17:00,3601.1
2022/3/16 17:15,5101.8
2022/3/16 17:30,5299.2
2022/3/16 17:45,5108.6
2022/3/16 18:00,4265.4
2022/3/16 18:15,2843.2
2022/3/16 18:30,1776.3
2022/3/16 18:45,1369.7
2022/3/16 19:00,879.6
2022/3/16 19:15,806.2
2022/3/16 19:30,741.8
2022/3/16 19:45,755.5
2022/3/16 20:00,391.3
2022/3/16 20:15,502.3
2022/3/16 20:30,802.7
2022/3/16 20:45,798.3
2022/3/16 21:00,1198
2022/3/16 21:15,1506.4
2022/3/16 21:30,1498.2
2022/3/16 21:45,1286.8
2022/3/16 22:00,1042.6
2022/3/16 22:15,992.6
2022/3/16 22:30,785.5
2022/3/16 22:45,834.2
2022/3/16 23:00,882.9
2022/3/16 23:15,768.3
2022/3/16 23:30,753.9
2022/3/16 23:45,1013.1
2022/3/17 0:00,1156.7
2022/3/17 0:15,1600.5
2022/3/17 0:30,2049.9
2022/3/17 0:45,2389
2022/3/17 1:00,2410.2
2022/3/17 1:15,2278.4
2022/3/17 1:30,2189.3
2022/3/17 1:45,2026.4
2022/3/17 2:00,1912.4
2022/3/17 2:15,1748.5
2022/3/17 2:30,1771.9
2022/3/17 2:45,1261.4
2022/3/17 3:00,963.1
2022/3/17 3:15,960.6
2022/3/17 3:30,1000.2
2022/3/17 3:45,1018.3
2022/3/17 4:00,1022.6
2022/3/17 4:15,649.1
2022/3/17 4:30,571.6
2022/3/17 4:45,475.9
2022/3/17 5:00,437.8
2022/3/17 5:15,604.6
2022/3/17 5:30,748.6
2022/3/17 5:45,827.1
2022/3/17 6:00,602
2022/3/17 6:15,862.2
2022/3/17 6:30,665.5
2022/3/17 6:45,749.4
2022/3/17 7:00,701.6
2022/3/17 7:15,526.2
2022/3/17 7:30,539.5
2022/3/17 7:45,375.1
2022/3/17 8:00,363.5
2022/3/17 8:15,320.2
2022/3/17 8:30,437.4
2022/3/17 8:45,478.6
2022/3/17 9:00,315.5
2022/3/17 9:15,409.4
2022/3/17 9:30,466.5
2022/3/17 9:45,462.6
2022/3/17 10:00,455.1
2022/3/17 10:15,446.6
2022/3/17 10:30,313.9
2022/3/17 10:45,296.3
2022/3/17 11:00,503
2022/3/17 11:15,557.9
2022/3/17 11:30,884.5
2022/3/17 11:45,1906.3
2022/3/17 12:00,2950.1
2022/3/17 12:15,4512.5
2022/3/17 12:30,5226.6
2022/3/17 12:45,5336.2
2022/3/17 13:00,4921.8
2022/3/17 13:15,4007.1
2022/3/17 13:30,3432.8
2022/3/17 13:45,2224.7
2022/3/17 14:00,1560.4
2022/3/17 14:15,1236.6
2022/3/17 14:30,988.4
2022/3/17 14:45,962.4
2022/3/17 15:00,801
2022/3/17 15:15,1001.3
2022/3/17 15:30,1131.1
2022/3/17 15:45,1141.5
2022/3/17 16:00,1286.9
2022/3/17 16:15,1515.5
2022/3/17 16:30,1774.5
2022/3/17 16:45,2346.7
2022/3/17 17:00,3183.1
2022/3/17 17:15,4428.1
2022/3/17 17:30,4314
2022/3/17 17:45,3091.6
2022/3/17 18:00,2761.2
2022/3/17 18:15,2002
2022/3/17 18:30,1634.9
2022/3/17 18:45,1279.5
2022/3/17 19:00,975.4
2022/3/17 19:15,560.8
2022/3/17 19:30,411.7
2022/3/17 19:45,424.3
2022/3/17 20:00,726.2
2022/3/17 20:15,545.7
2022/3/17 20:30,914.7
2022/3/17 20:45,828.3
2022/3/17 21:00,789
2022/3/17 21:15,1189.9
2022/3/17 21:30,1261.4
2022/3/17 21:45,1057.2
2022/3/17 22:00,747.8
2022/3/17 22:15,766.4
2022/3/17 22:30,799.7
2022/3/17 22:45,726.4
2022/3/17 23:00,687.6
2022/3/17 23:15,617.8
2022/3/17 23:30,868.8
2022/3/17 23:45,846.2
2022/3/18 0:00,546.3
2022/3/18 0:15,1009.1
2022/3/18 0:30,1631
2022/3/18 0:45,1669.5
2022/3/18 1:00,1871.8
2022/3/18 1:15,1819.2
2022/3/18 1:30,1889.2
2022/3/18 1:45,1844.7
2022/3/18 2:00,1560
2022/3/18 2:15,1418.2
2022/3/18 2:30,1242.8
2022/3/18 2:45,1185.5
2022/3/18 3:00,1023.9
2022/3/18 3:15,745.8
2022/3/18 3:30,660.6
2022/3/18 3:45,544.9
2022/3/18 4:00,611.6
2022/3/18 4:15,525.6
2022/3/18 4:30,548.4
2022/3/18 4:45,209.5
2022/3/18 5:00,491.7
2022/3/18 5:15,458.6
2022/3/18 5:30,387.2
2022/3/18 5:45,465
2022/3/18 6:00,471.9
2022/3/18 6:15,366.4
2022/3/18 6:30,495.8
2022/3/18 6:45,642.7
2022/3/18 7:00,534.3
2022/3/18 7:15,552.2
2022/3/18 7:30,511.4
2022/3/18 7:45,443.3
2022/3/18 8:00,117.2
2022/3/18 8:15,104.8
2022/3/18 8:30,120.9
2022/3/18 8:45,322.3
2022/3/18 9:00,330.6
2022/3/18 9:15,371.1
2022/3/18 9:30,338
2022/3/18 9:45,306.1
2022/3/18 10:00,397.4
2022/3/18 10:15,376.4
2022/3/18 10:30,215.8
2022/3/18 10:45,518.3
2022/3/18 11:00,767.3
2022/3/18 11:15,822.3
2022/3/18 11:30,1090.8
2022/3/18 11:45,1701.3
2022/3/18 12:00,2842.2
2022/3/18 12:15,3663.2
2022/3/18 12:30,5039.4
2022/3/18 12:45,4962.3
2022/3/18 13:00,4979.9
2022/3/18 13:15,4409.7
2022/3/18 13:30,3694.1
2022/3/18 13:45,2681.9
2022/3/18 14:00,1394.6
2022/3/18 14:15,1285
2022/3/18 14:30,1205.8
2022/3/18 14:45,703.2
2022/3/18 15:00,708.5
2022/3/18 15:15,819.1
2022/3/18 15:30,1216.1
2022/3/18 15:45,1255
2022/3/18 16:00,1522.3
2022/3/18 16:15,1546.1
2022/3/18 16:30,1718
2022/3/18 16:45,2476.8
2022/3/18 17:00,3855.9
2022/3/18 17:15,4449.5
2022/3/18 17:30,4419.1
2022/3/18 17:45,4334.4
2022/3/18 18:00,3698.2
2022/3/18 18:15,2384.1
2022/3/18 18:30,1509
2022/3/18 18:45,703
2022/3/18 19:00,597.9
2022/3/18 19:15,471.1
2022/3/18 19:30,437.6
2022/3/18 19:45,456.5
2022/3/18 20:00,529.6
2022/3/18 20:15,603.4
2022/3/18 20:30,641.5
2022/3/18 20:45,813.2
2022/3/18 21:00,871.3
2022/3/18 21:15,1309.5
2022/3/18 21:30,1266.5
2022/3/18 21:45,1030.1
2022/3/18 22:00,850
2022/3/18 22:15,889.5
2022/3/18 22:30,889.1
2022/3/18 22:45,942
2022/3/18 23:00,837.4
2022/3/18 23:15,951.3
2022/3/18 23:30,950.7
2022/3/18 23:45,863.7
2022/3/19 0:00,623.6
2022/3/19 0:15,979.5
2022/3/19 0:30,971.6
2022/3/19 0:45,1210.6
2022/3/19 1:00,934.4
2022/3/19 1:15,1162.1
2022/3/19 1:30,1246.9
2022/3/19 1:45,1200.5
2022/3/19 2:00,1119.8
2022/3/19 2:15,1081.1
2022/3/19 2:30,917.5
2022/3/19 2:45,659.2
2022/3/19 3:00,534
2022/3/19 3:15,464.8
2022/3/19 3:30,430.7
2022/3/19 3:45,515.3
2022/3/19 4:00,499.4
2022/3/19 4:15,479.2
2022/3/19 4:30,334.3
2022/3/19 4:45,383
2022/3/19 5:00,446.4
2022/3/19 5:15,441
2022/3/19 5:30,387.3
2022/3/19 5:45,266.2
2022/3/19 6:00,275.8
2022/3/19 6:15,383
2022/3/19 6:30,340.5
2022/3/19 6:45,387.5
2022/3/19 7:00,264.2
2022/3/19 7:15,277.4
2022/3/19 7:30,292.2
2022/3/19 7:45,250.2
2022/3/19 8:00,306.5
2022/3/19 8:15,309
2022/3/19 8:30,406.6
2022/3/19 8:45,534
2022/3/19 9:00,602.8
2022/3/19 9:15,655
2022/3/19 9:30,341.4
2022/3/19 9:45,388
2022/3/19 10:00,278.9
2022/3/19 10:15,350.8
2022/3/19 10:30,366
2022/3/19 10:45,616.6
2022/3/19 11:00,645.8
2022/3/19 11:15,706.5
2022/3/19 11:30,1240.7
2022/3/19 11:45,2777.7
2022/3/19 12:00,3314.6
2022/3/19 12:15,3836.9
2022/3/19 12:30,3805.1
2022/3/19 12:45,3775.8
2022/3/19 13:00,3826.6
2022/3/19 13:15,3258
2022/3/19 13:30,2747.9
2022/3/19 13:45,2341
2022/3/19 14:00,1627.9
2022/3/19 14:15,907
2022/3/19 14:30,774.6
2022/3/19 14:45,983.4
2022/3/19 15:00,1102.9
2022/3/19 15:15,927.5
2022/3/19 15:30,828
2022/3/19 15:45,1417.4
2022/3/19 16:00,1490.8
2022/3/19 16:15,1665.1
2022/3/19 16:30,1714.9
2022/3/19 16:45,2741.7
2022/3/19 17:00,3381.5
2022/3/19 17:15,3574.4
2022/3/19 17:30,4008.2
2022/3/19 17:45,3714.2
2022/3/19 18:00,3151
2022/3/19 18:15,2381.5
2022/3/19 18:30,1558.4
2022/3/19 18:45,896.4
2022/3/19 19:00,634.6
2022/3/19 19:15,598.7
2022/3/19 19:30,476.2
2022/3/19 19:45,451.6
2022/3/19 20:00,439.7
2022/3/19 20:15,554.3
2022/3/19 20:30,472.3
2022/3/19 20:45,896.7
2022/3/19 21:00,1081.9
2022/3/19 21:15,1340.6
2022/3/19 21:30,1282.2
2022/3/19 21:45,1009.5
2022/3/19 22:00,886.9
2022/3/19 22:15,883.3
2022/3/19 22:30,843.5
2022/3/19 22:45,930.6
2022/3/19 23:00,835.5
2022/3/19 23:15,918.3
2022/3/19 23:30,908.4
2022/3/19 23:45,855.3
2022/3/20 0:00,567.7
2022/3/20 0:15,896.6
2022/3/20 0:30,1145.2
2022/3/20 0:45,1011.2
2022/3/20 1:00,858.6
2022/3/20 1:15,934.9
2022/3/20 1:30,905.4
2022/3/20 1:45,829.9
2022/3/20 2:00,1016.7
2022/3/20 2:15,1166.5
2022/3/20 2:30,940
2022/3/20 2:45,866.4
2022/3/20 3:00,674.3
2022/3/20 3:15,588.4
2022/3/20 3:30,458.7
2022/3/20 3:45,362.8
2022/3/20 4:00,198.6
2022/3/20 4:15,209.7
2022/3/20 4:30,243.6
2022/3/20 4:45,212.5
2022/3/20 5:00,205
2022/3/20 5:15,156.6
2022/3/20 5:30,269.3
2022/3/20 5:45,370.2
2022/3/20 6:00,404.8
2022/3/20 6:15,379.2
2022/3/20 6:30,366.5
2022/3/20 6:45,489.9
2022/3/20 7:00,535
2022/3/20 7:15,449.4
2022/3/20 7:30,427.2
2022/3/20 7:45,344.9
2022/3/20 8:00,205.4
2022/3/20 8:15,282.6
2022/3/20 8:30,275.2
2022/3/20 8:45,326.9
2022/3/20 9:00,336
2022/3/20 9:15,428.4
2022/3/20 9:30,500
2022/3/20 9:45,635.8
2022/3/20 10:00,510.6
2022/3/20 10:15,491.3
2022/3/20 10:30,462
2022/3/20 10:45,585
2022/3/20 11:00,632.9
2022/3/20 11:15,662.2
2022/3/20 11:30,656.9
2022/3/20 11:45,1518.9
2022/3/20 12:00,2665.9
2022/3/20 12:15,4704.3
2022/3/20 12:30,4975.3
2022/3/20 12:45,4665
2022/3/20 13:00,4323.2
2022/3/20 13:15,4267.4
2022/3/20 13:30,3600.2
2022/3/20 13:45,2841.3
2022/3/20 14:00,2041.3
2022/3/20 14:15,1456.9
2022/3/20 14:30,968.8
2022/3/20 14:45,808.5
2022/3/20 15:00,1074.6
2022/3/20 15:15,1011.4
2022/3/20 15:30,1199.8
2022/3/20 15:45,1115.3
2022/3/20 16:00,1413.4
2022/3/20 16:15,1704.6
2022/3/20 16:30,2037.9
2022/3/20 16:45,2977
2022/3/20 17:00,4190.9
2022/3/20 17:15,5053.4
2022/3/20 17:30,5071.7
2022/3/20 17:45,3926.4
2022/3/20 18:00,2812.3
2022/3/20 18:15,1935.6
2022/3/20 18:30,1501
2022/3/20 18:45,939.6
2022/3/20 19:00,569.4
2022/3/20 19:15,617.2
2022/3/20 19:30,717.1
2022/3/20 19:45,621.6
2022/3/20 20:00,449.3
2022/3/20 20:15,511.4
2022/3/20 20:30,389.9
2022/3/20 20:45,520.2
2022/3/20 21:00,783.3
2022/3/20 21:15,1086.8
2022/3/20 21:30,1138.1
2022/3/20 21:45,1139.2
2022/3/20 22:00,1008.2
2022/3/20 22:15,1094.7
2022/3/20 22:30,880.4
2022/3/20 22:45,796.2
2022/3/20 23:00,533.1
2022/3/20 23:15,750.4
2022/3/20 23:30,857.9
2022/3/20 23:45,920.5
2022/3/21 0:00,1014.3
2022/3/21 0:15,1224.1
2022/3/21 0:30,1339.6
2022/3/21 0:45,1643.2
2022/3/21 1:00,1817.2
2022/3/21 1:15,1841.2
2022/3/21 1:30,1863.2
2022/3/21 1:45,1808.7
2022/3/21 2:00,1479
2022/3/21 2:15,1316.3
2022/3/21 2:30,1214.7
2022/3/21 2:45,1125.6
2022/3/21 3:00,850.7
2022/3/21 3:15,703.8
2022/3/21 3:30,657.4
2022/3/21 3:45,581.6
2022/3/21 4:00,542.2
2022/3/21 4:15,538.8
2022/3/21 4:30,503.3
2022/3/21 4:45,501.8
2022/3/21 5:00,504.9
2022/3/21 5:15,548.3
2022/3/21 5:30,496.7
2022/3/21 5:45,552.3
2022/3/21 6:00,584.1
2022/3/21 6:15,649.2
2022/3/21 6:30,708.4
2022/3/21 6:45,754.7
2022/3/21 7:00,775
2022/3/21 7:15,697.3
2022/3/21 7:30,562.2
2022/3/21 7:45,447.3
2022/3/21 8:00,405.1
2022/3/21 8:15,406.2
2022/3/21 8:30,403.8
2022/3/21 8:45,409.7
2022/3/21 9:00,445.1
2022/3/21 9:15,413.4
2022/3/21 9:30,405.7
2022/3/21 9:45,409.4
2022/3/21 10:00,401.9
2022/3/21 10:15,429.4
2022/3/21 10:30,454
2022/3/21 10:45,470.9
2022/3/21 11:00,560.6
2022/3/21 11:15,605.8
2022/3/21 11:30,715.2
2022/3/21 11:45,931.9
2022/3/21 12:00,2050
2022/3/21 12:15,3514.3
2022/3/21 12:30,4315
2022/3/21 12:45,4619.5
2022/3/21 13:00,4574.9
2022/3/21 13:15,3646.6
2022/3/21 13:30,3125.7
2022/3/21 13:45,2484.6
2022/3/21 14:00,1621.3
2022/3/21 14:15,1130.9
2022/3/21 14:30,1057
2022/3/21 14:45,924.4
2022/3/21 15:00,908.6
2022/3/21 15:15,908.5
2022/3/21 15:30,995.8
2022/3/21 15:45,1068
2022/3/21 16:00,1117
2022/3/21 16:15,1308.5
2022/3/21 16:30,1512.8
2022/3/21 16:45,1911.5
2022/3/21 17:00,2832.2
2022/3/21 17:15,3800.3
2022/3/21 17:30,3951.8
2022/3/21 17:45,3926.6
2022/3/21 18:00,3897.5
2022/3/21 18:15,2676.2
2022/3/21 18:30,1922.1
2022/3/21 18:45,1415.6
2022/3/21 19:00,1199.5
2022/3/21 19:15,984.4
2022/3/21 19:30,885.6
2022/3/21 19:45,756.9
2022/3/21 20:00,745.9
2022/3/21 20:15,714.3
2022/3/21 20:30,737.8
2022/3/21 20:45,871.1
2022/3/21 21:00,935.7
2022/3/21 21:15,1076
2022/3/21 21:30,1314.9
2022/3/21 21:45,1377.6
2022/3/21 22:00,1353
2022/3/21 22:15,1334.8
2022/3/21 22:30,1262.1
2022/3/21 22:45,1148.2
2022/3/21 23:00,1159.6
2022/3/21 23:15,1117.5
2022/3/21 23:30,1082.6
2022/3/21 23:45,1028.4
2022/3/22 0:00,1024.7
